{"train_runtime": 445.4527, "train_samples_per_second": 1.122, "train_steps_per_second": 0.112, "total_flos": 482706063360000.0, "train_loss": 8.358350830078125, "epoch": 0.01152312691571985}