{"train_runtime": 34.3888, "train_samples_per_second": 11.632, "train_steps_per_second": 2.908, "total_flos": 64266593894400.0, "train_loss": 7.539380645751953, "epoch": 0.020729684908789386}