{"train_runtime": 135203.8555, "train_samples_per_second": 1.012, "train_steps_per_second": 0.048, "total_flos": 1.2376472375446733e+17, "train_loss": 5.741638030724721, "epoch": 3.0}