{"train_runtime": 440.9242, "train_samples_per_second": 1.134, "train_steps_per_second": 0.113, "total_flos": 482706063360000.0, "train_loss": 8.369502868652344, "epoch": 0.011405890001596825}